{"cameraMode":{"drawMode":0,"name":"Shaded","section":"Shading Mode"},"sceneLighting":false,"audioPlay":false,"sceneViewState":{"m_AlwaysRefresh":false,"showFog":true,"showSkybox":false,"showFlares":true,"showImageEffects":true,"showParticleSystems":true,"showVisualEffectGraphs":true,"m_FxEnabled":true},"in2DMode":false,"pivot":{"x":6.383772850036621,"y":6.579387664794922,"z":3.413860559463501},"rotation":{"x":-0.04739289730787277,"y":-0.00030289217829704285,"z":0.000015434399756486528,"w":-0.9988860487937927},"size":2.95762038230896,"orthographic":false}