{"cameraMode":{"drawMode":0,"name":"Shaded","section":"Shading Mode"},"sceneLighting":true,"audioPlay":false,"sceneViewState":{"m_AlwaysRefresh":false,"showFog":true,"showSkybox":true,"showFlares":true,"showImageEffects":true,"showParticleSystems":true,"showVisualEffectGraphs":true,"m_FxEnabled":true},"in2DMode":false,"pivot":{"x":17.425601959228517,"y":0.9177249073982239,"z":1.1600815057754517},"rotation":{"x":-0.13047347962856294,"y":-0.6759746074676514,"z":0.12348227947950363,"w":-0.7147952318191528},"size":12.12435531616211,"orthographic":false}